ds|trend|yhat_lower|yhat_upper|trend_lower|trend_upper|additive_terms|additive_terms_lower|additive_terms_upper|weekly|weekly_lower|weekly_upper|multiplicative_terms|multiplicative_terms_lower|multiplicative_terms_upper|yhat
2020-07-01|97.27767888540026|96.84479376302787|97.65649414233087|97.27767888540026|97.27767888540026|-0.02044683970601677|-0.02044683970601677|-0.02044683970601677|-0.02044683970601677|-0.02044683970601677|-0.02044683970601677|0.0|0.0|0.0|97.25723204569425
2020-07-02|97.20664588070467|96.80970363472741|97.60923535698737|97.20664588070467|97.20664588070467|-0.003134318785088786|-0.003134318785088786|-0.003134318785088786|-0.003134318785088786|-0.003134318785088786|-0.003134318785088786|0.0|0.0|0.0|97.20351156191958
2020-07-03|97.13561287600906|96.71349548112816|97.56489859737002|97.13561287600906|97.13561287600906|-0.015462221390294082|-0.015462221390294082|-0.015462221390294082|-0.015462221390294082|-0.015462221390294082|-0.015462221390294082|0.0|0.0|0.0|97.12015065461877
2020-07-04|97.06457987131346|96.6612849975763|97.49610848570713|97.06457987131346|97.06457987131346|-0.0012018293558996994|-0.0012018293558996994|-0.0012018293558996994|-0.0012018293558996994|-0.0012018293558996994|-0.0012018293558996994|0.0|0.0|0.0|97.06337804195755
2020-07-05|96.99354686661785|96.5660873344099|97.43205744138031|96.99354686661785|96.99354686661785|0.013058562678645707|0.013058562678645707|0.013058562678645707|0.013058562678645707|0.013058562678645707|0.013058562678645707|0.0|0.0|0.0|97.0066054292965
2020-07-06|96.92251386192225|96.51687101821096|97.37217612876827|96.92251386192225|96.92251386192225|0.0406218182879059|0.0406218182879059|0.0406218182879059|0.0406218182879059|0.0406218182879059|0.0406218182879059|0.0|0.0|0.0|96.96313568021016
2020-07-07|96.85148083465835|96.42121804094079|97.26903157598802|96.85148083465835|96.85148083465835|-0.013435171729220093|-0.013435171729220093|-0.013435171729220093|-0.013435171729220093|-0.013435171729220093|-0.013435171729220093|0.0|0.0|0.0|96.83804566292913
2020-07-08|96.78044780739442|96.34788610715276|97.18359641183666|96.78044780739442|96.78044780739442|-0.02044683970602584|-0.02044683970602584|-0.02044683970602584|-0.02044683970602584|-0.02044683970602584|-0.02044683970602584|0.0|0.0|0.0|96.7600009676884
2020-07-09|96.70941478013052|96.31276701820256|97.14904968976634|96.70941478013052|96.70941478013052|-0.0031343187851351232|-0.0031343187851351232|-0.0031343187851351232|-0.0031343187851351232|-0.0031343187851351232|-0.0031343187851351232|0.0|0.0|0.0|96.70628046134539
2020-07-10|96.63838175286661|96.21876145957937|97.0609119298068|96.63838175286661|96.63838175286661|-0.015462221390373721|-0.015462221390373721|-0.015462221390373721|-0.015462221390373721|-0.015462221390373721|-0.015462221390373721|0.0|0.0|0.0|96.62291953147623
2020-07-11|96.56734782660456|96.15521376469505|96.95614714093261|96.56734782660456|96.56734782660456|-0.0012018293559096895|-0.0012018293559096895|-0.0012018293559096895|-0.0012018293559096895|-0.0012018293559096895|-0.0012018293559096895|0.0|0.0|0.0|96.56614599724865
2020-07-12|96.49631390034251|96.1143618726832|96.92464852063355|96.49631390034251|96.49631390034251|0.01305856267867181|0.01305856267867181|0.01305856267867181|0.01305856267867181|0.01305856267867181|0.01305856267867181|0.0|0.0|0.0|96.50937246302118
2020-07-13|96.42527997408044|96.07444066509713|96.89738806875454|96.42527997408044|96.42527997408044|0.04062181828788186|0.04062181828788186|0.04062181828788186|0.04062181828788186|0.04062181828788186|0.04062181828788186|0.0|0.0|0.0|96.46590179236833
2020-07-14|96.35424604781839|95.9299494528331|96.75392225572872|96.35424604781839|96.35424604781839|-0.013435171729235735|-0.013435171729235735|-0.013435171729235735|-0.013435171729235735|-0.013435171729235735|-0.013435171729235735|0.0|0.0|0.0|96.34081087608915
2020-07-15|96.28321212155635|95.86106776364169|96.70443885768043|96.28321212155635|96.28321212155635|-0.02044683970603491|-0.02044683970603491|-0.02044683970603491|-0.02044683970603491|-0.02044683970603491|-0.02044683970603491|0.0|0.0|0.0|96.2627652818503
2020-07-16|96.09257786845922|95.6708682078576|96.475407090547|96.09257786845922|96.09257786845922|-0.00313431878518146|-0.00313431878518146|-0.00313431878518146|-0.00313431878518146|-0.00313431878518146|-0.00313431878518146|0.0|0.0|0.0|96.08944354967403
2020-07-17|95.90194361536209|95.4683211015911|96.30418073397564|95.90194361536209|95.90194361536209|-0.015462221390285406|-0.015462221390285406|-0.015462221390285406|-0.015462221390285406|-0.015462221390285406|-0.015462221390285406|0.0|0.0|0.0|95.8864813939718
2020-07-18|95.71130936226496|95.29389558781124|96.10964904651188|95.71130936226496|95.71130936226496|-0.0012018293559661185|-0.0012018293559661185|-0.0012018293559661185|-0.0012018293559661185|-0.0012018293559661185|-0.0012018293559661185|0.0|0.0|0.0|95.71010753290899
2020-07-19|95.52067510916783|95.14109805075115|95.9530554144608|95.52067510916783|95.52067510916783|0.013058562678696593|0.013058562678696593|0.013058562678696593|0.013058562678696593|0.013058562678696593|0.013058562678696593|0.0|0.0|0.0|95.53373367184652
2020-07-20|95.33004085607071|94.96569107807028|95.78340082069332|95.33004085607071|95.33004085607071|0.040621818287890174|0.040621818287890174|0.040621818287890174|0.040621818287890174|0.040621818287890174|0.040621818287890174|0.0|0.0|0.0|95.3706626743586
2020-07-21|95.12525577384119|94.69016519467304|95.52554349136203|95.12525577384119|95.12525577384119|-0.01343517172925138|-0.01343517172925138|-0.01343517172925138|-0.01343517172925138|-0.01343517172925138|-0.01343517172925138|0.0|0.0|0.0|95.11182060211193
2020-07-22|94.92047069161167|94.49198247801189|95.30176998528756|94.92047069161167|94.92047069161167|-0.020446839706012184|-0.020446839706012184|-0.020446839706012184|-0.020446839706012184|-0.020446839706012184|-0.020446839706012184|0.0|0.0|0.0|94.90002385190566
2020-07-23|94.71568560938215|94.28981045196736|95.13832320134465|94.71568560938215|94.71568560938215|-0.003134318785085295|-0.003134318785085295|-0.003134318785085295|-0.003134318785085295|-0.003134318785085295|-0.003134318785085295|0.0|0.0|0.0|94.71255129059706
2020-07-24|94.51090052715263|94.05978413974765|94.92054968006444|94.51090052715261|94.51090052715261|-0.015462221390308199|-0.015462221390308199|-0.015462221390308199|-0.015462221390308199|-0.015462221390308199|-0.015462221390308199|0.0|0.0|0.0|94.49543830576232
2020-07-25|94.3061154452272|93.91480603693806|94.73661615321332|94.3061154452272|94.3061154452272|-0.0012018293559449267|-0.0012018293559449267|-0.0012018293559449267|-0.0012018293559449267|-0.0012018293559449267|-0.0012018293559449267|0.0|0.0|0.0|94.30491361587126
2020-07-26|94.10133036330178|93.70184614477331|94.50821021383409|94.1013303633018|94.1013303633018|0.013058562678722041|0.013058562678722041|0.013058562678722041|0.013058562678722041|0.013058562678722041|0.013058562678722041|0.0|0.0|0.0|94.1143889259805
2020-07-27|93.89654528137635|93.51443043547432|94.34536412473865|93.89654528137635|93.89654528137635|0.04062181828783377|0.04062181828783377|0.04062181828783377|0.04062181828783377|0.04062181828783377|0.04062181828783377|0.0|0.0|0.0|93.93716709966418
2020-07-28|93.69176019945093|93.24425412422725|94.07821530252544|93.69176019945093|93.69176019945093|-0.013435171729166239|-0.013435171729166239|-0.013435171729166239|-0.013435171729166239|-0.013435171729166239|-0.013435171729166239|0.0|0.0|0.0|93.67832502772175
2020-07-29|93.4869751175255|93.05396131172616|93.85664601741621|93.4869751175255|93.4869751175255|-0.020446839706092793|-0.020446839706092793|-0.020446839706092793|-0.020446839706092793|-0.020446839706092793|-0.020446839706092793|0.0|0.0|0.0|93.4665282778194
2020-07-30|93.4658404853567|93.06155781388887|93.8927309864676|93.4658404853567|93.4658404853567|-0.0031343187851316317|-0.0031343187851316317|-0.0031343187851316317|-0.0031343187851316317|-0.0031343187851316317|-0.0031343187851316317|0.0|0.0|0.0|93.46270616657156
2020-07-31|93.4447058531879|92.99861278636229|93.84544488331633|93.4447058531879|93.4447058531879|-0.015462221390330991|-0.015462221390330991|-0.015462221390330991|-0.015462221390330991|-0.015462221390330991|-0.015462221390330991|0.0|0.0|0.0|93.42924363179756
2020-08-01|93.42357122101909|93.01796756689993|93.84903965561422|93.42357122101909|93.42357122101909|-0.001201829355923734|-0.001201829355923734|-0.001201829355923734|-0.001201829355923734|-0.001201829355923734|-0.001201829355923734|0.0|0.0|0.0|93.42236939166317
2020-08-02|93.40243658885029|92.98631281676182|93.84419040396395|93.40243658885029|93.40243658885029|0.013058562678607515|0.013058562678607515|0.013058562678607515|0.013058562678607515|0.013058562678607515|0.013058562678607515|0.0|0.0|0.0|93.4154951515289
2020-08-03|93.38130433725114|93.00376449087905|93.82336815091426|93.38130433725112|93.38130433725112|0.04062181828784208|0.04062181828784208|0.04062181828784208|0.04062181828784208|0.04062181828784208|0.04062181828784208|0.0|0.0|0.0|93.42192615553898
2020-08-04|93.360172085652|92.91114621658832|93.73352191559268|93.360172085652|93.360172085652|-0.01343517172918188|-0.01343517172918188|-0.01343517172918188|-0.01343517172918188|-0.01343517172918188|-0.01343517172918188|0.0|0.0|0.0|93.34673691392281
2020-08-05|93.33903983405285|92.88278277956503|93.71807472011879|93.33903983405285|93.33903983405285|-0.02044683970603032|-0.02044683970603032|-0.02044683970603032|-0.02044683970603032|-0.02044683970603032|-0.02044683970603032|0.0|0.0|0.0|93.31859299434683
2020-08-06|93.31790758245371|92.88345858891282|93.71414813901944|93.31790758245371|93.31790758245371|-0.0031343187851067184|-0.0031343187851067184|-0.0031343187851067184|-0.0031343187851067184|-0.0031343187851067184|-0.0031343187851067184|0.0|0.0|0.0|93.31477326366861
2020-08-07|93.29677533085456|92.87763774046658|93.66178634611863|93.29677533085456|93.29677533085456|-0.015462221390353784|-0.015462221390353784|-0.015462221390353784|-0.015462221390353784|-0.015462221390353784|-0.015462221390353784|0.0|0.0|0.0|93.28131310946421
2020-08-08|93.27564307198485|92.84575079046171|93.65801439464596|93.27564307198485|93.27564307198485|-0.0012018293559337239|-0.0012018293559337239|-0.0012018293559337239|-0.0012018293559337239|-0.0012018293559337239|-0.0012018293559337239|0.0|0.0|0.0|93.27444124262891
2020-08-09|93.25451081311513|92.85063221400401|93.67509453755474|93.25451081311513|93.25451081311513|0.013058562678633623|0.013058562678633623|0.013058562678633623|0.013058562678633623|0.013058562678633623|0.013058562678633623|0.0|0.0|0.0|93.26756937579377
2020-08-10|93.23337855424542|92.86872246455555|93.67460693768749|93.23337855424542|93.23337855424542|0.040621818287850414|0.040621818287850414|0.040621818287850414|0.040621818287850414|0.040621818287850414|0.040621818287850414|0.0|0.0|0.0|93.27400037253327
2020-08-11|93.2122462953757|92.7878330071049|93.56935459035473|93.2122462953757|93.2122462953757|-0.013435171729197525|-0.013435171729197525|-0.013435171729197525|-0.013435171729197525|-0.013435171729197525|-0.013435171729197525|0.0|0.0|0.0|93.19881112364651
2020-08-12|93.19111403650598|92.74550551069807|93.55649090367677|93.19111403650598|93.19111403650598|-0.020446839706039388|-0.020446839706039388|-0.020446839706039388|-0.020446839706039388|-0.020446839706039388|-0.020446839706039388|0.0|0.0|0.0|93.17066719679994
2020-08-13|93.1611552101917|92.7536022672259|93.57854172568435|93.1611552101917|93.1611552101917|-0.0031343187851296866|-0.0031343187851296866|-0.0031343187851296866|-0.0031343187851296866|-0.0031343187851296866|-0.0031343187851296866|0.0|0.0|0.0|93.15802089140657
2020-08-14|93.13119638387742|92.71100803272189|93.5349926201777|93.13119638387742|93.13119638387742|-0.01546222139026547|-0.01546222139026547|-0.01546222139026547|-0.01546222139026547|-0.01546222139026547|-0.01546222139026547|0.0|0.0|0.0|93.11573416248716
2020-08-15|93.10123755756312|92.7101162409407|93.54147517915298|93.10123755756312|93.10123755756312|-0.0012018293558813513|-0.0012018293558813513|-0.0012018293558813513|-0.0012018293558813513|-0.0012018293558813513|-0.0012018293558813513|0.0|0.0|0.0|93.10003572820725
2020-08-16|93.07127873124884|92.66410608341629|93.50578157370934|93.07127873124884|93.07127873124884|0.013058562678658405|0.013058562678658405|0.013058562678658405|0.013058562678658405|0.013058562678658405|0.013058562678658405|0.0|0.0|0.0|93.0843372939275
2020-08-17|93.04131989519193|92.66580283995047|93.50707276313769|93.04131989519193|93.04131989519193|0.040621818287793994|0.040621818287793994|0.040621818287793994|0.040621818287793994|0.040621818287793994|0.040621818287793994|0.0|0.0|0.0|93.08194171347972
2020-08-18|93.01136105913503|92.60680879934239|93.40284770170554|93.01136105913503|93.01136105913503|-0.013435171729054715|-0.013435171729054715|-0.013435171729054715|-0.013435171729054715|-0.013435171729054715|-0.013435171729054715|0.0|0.0|0.0|92.99792588740597
2020-08-19|92.9814022230781|92.54692214387039|93.34051992526079|92.9814022230781|92.9814022230781|-0.02044683970604846|-0.02044683970604846|-0.02044683970604846|-0.02044683970604846|-0.02044683970604846|-0.02044683970604846|0.0|0.0|0.0|92.96095538337205
2020-08-20|92.9514433870212|92.52700017968507|93.37729722909778|92.9514433870212|92.9514433870212|-0.003134318785104773|-0.003134318785104773|-0.003134318785104773|-0.003134318785104773|-0.003134318785104773|-0.003134318785104773|0.0|0.0|0.0|92.9483090682361
2020-08-21|92.9214845509643|92.48153010291152|93.2868577912156|92.9214845509643|92.9214845509643|-0.015462221390231417|-0.015462221390231417|-0.015462221390231417|-0.015462221390231417|-0.015462221390231417|-0.015462221390231417|0.0|0.0|0.0|92.90602232957406
2020-08-22|92.89152339707105|92.45402977251817|93.26642401990951|92.89152339707105|92.89152339707105|-0.001201829355891339|-0.001201829355891339|-0.001201829355891339|-0.001201829355891339|-0.001201829355891339|-0.001201829355891339|0.0|0.0|0.0|92.89032156771516
2020-08-23|92.86156224317783|92.47317027603972|93.30609520397363|92.86156224317783|92.86156224317783|0.01305856267868385|0.01305856267868385|0.01305856267868385|0.01305856267868385|0.01305856267868385|0.01305856267868385|0.0|0.0|0.0|92.87462080585651
2020-08-24|92.83160108928459|92.48044437114547|93.30160602519022|92.83160108928459|92.83160108928459|0.04062181828789416|0.04062181828789416|0.04062181828789416|0.04062181828789416|0.04062181828789416|0.04062181828789416|0.0|0.0|0.0|92.87222290757248
2020-08-25|92.80163993539135|92.3732743692954|93.22980403264438|92.80163993539135|92.80163993539135|-0.013435171729128025|-0.013435171729128025|-0.013435171729128025|-0.013435171729128025|-0.013435171729128025|-0.013435171729128025|0.0|0.0|0.0|92.78820476366222
2020-08-26|92.77167878149812|92.36336623994808|93.16754673592042|92.77167878149811|92.77167878149811|-0.020446839706057526|-0.020446839706057526|-0.020446839706057526|-0.020446839706057526|-0.020446839706057526|-0.020446839706057526|0.0|0.0|0.0|92.75123194179207
2020-08-27|92.74171762734805|92.33746615811292|93.16075013725585|92.74171762734805|92.74171762734805|-0.00313431878515111|-0.00313431878515111|-0.00313431878515111|-0.00313431878515111|-0.00313431878515111|-0.00313431878515111|0.0|0.0|0.0|92.7385833085629
2020-08-28|92.71175647319797|92.2794770664187|93.12956598144432|92.71175647319797|92.71175647319797|-0.015462221390311054|-0.015462221390311054|-0.015462221390311054|-0.015462221390311054|-0.015462221390311054|-0.015462221390311054|0.0|0.0|0.0|92.69629425180766
2020-08-29|92.6817953190479|92.2836414900946|93.08751759750683|92.6817953190479|92.6817953190479|-0.001201829355947769|-0.001201829355947769|-0.001201829355947769|-0.001201829355947769|-0.001201829355947769|-0.001201829355947769|0.0|0.0|0.0|92.68059348969194
2020-08-30|92.65183416489782|92.24367274083968|93.08900950057867|92.65183416489782|92.65183416489782|0.013058562678709295|0.013058562678709295|0.013058562678709295|0.013058562678709295|0.013058562678709295|0.013058562678709295|0.0|0.0|0.0|92.66489272757653
2020-08-31|92.69200664180572|92.32426265897917|93.18809660945985|92.69200664180572|92.69200664180572|0.04062181828787012|0.04062181828787012|0.04062181828787012|0.04062181828787012|0.04062181828787012|0.04062181828787012|0.0|0.0|0.0|92.7326284600936
2020-09-01|92.7321791187136|92.32705496920626|93.12818263395104|92.7321791187136|92.7321791187136|-0.013435171729086003|-0.013435171729086003|-0.013435171729086003|-0.013435171729086003|-0.013435171729086003|-0.013435171729086003|0.0|0.0|0.0|92.71874394698452
2020-09-02|92.77235159562152|92.36675315276392|93.18075024854262|92.77235159562152|92.77235159562152|-0.020446839705995052|-0.020446839705995052|-0.020446839705995052|-0.020446839705995052|-0.020446839705995052|-0.020446839705995052|0.0|0.0|0.0|92.75190475591552
2020-09-03|92.81252407252941|92.4106023219554|93.23455686579682|92.81252407252941|92.81252407252941|-0.003134318785054945|-0.003134318785054945|-0.003134318785054945|-0.003134318785054945|-0.003134318785054945|-0.003134318785054945|0.0|0.0|0.0|92.80938975374436
2020-09-04|92.85269654943733|92.40993886235108|93.23677238735253|92.85269654943733|92.85269654943733|-0.015462221390277002|-0.015462221390277002|-0.015462221390277002|-0.015462221390277002|-0.015462221390277002|-0.015462221390277002|0.0|0.0|0.0|92.83723432804705
2020-09-05|92.89286902350253|92.46918217342994|93.32359241290416|92.89286902350253|92.89286902350253|-0.0012018293559265772|-0.0012018293559265772|-0.0012018293559265772|-0.0012018293559265772|-0.0012018293559265772|-0.0012018293559265772|0.0|0.0|0.0|92.8916671941466
2020-09-06|92.93304149756774|92.52387668571947|93.36080569610918|92.93304149756774|92.93304149756774|0.01305856267873474|0.01305856267873474|0.01305856267873474|0.01305856267873474|0.01305856267873474|0.01305856267873474|0.0|0.0|0.0|92.94610006024648
2020-09-07|92.97321397163294|92.61124139910973|93.44424948690381|92.97321397163294|92.97321397163294|0.04062181828787844|0.04062181828787844|0.04062181828787844|0.04062181828787844|0.04062181828787844|0.04062181828787844|0.0|0.0|0.0|93.01383578992082
2020-09-08|93.01338644569816|92.62893449453665|93.41585055497761|93.01338644569816|93.01338644569816|-0.013435171729159312|-0.013435171729159312|-0.013435171729159312|-0.013435171729159312|-0.013435171729159312|-0.013435171729159312|0.0|0.0|0.0|92.999951273969
2020-09-09|93.05355891976336|92.60392058496134|93.4300851453224|93.05355891976336|93.05355891976336|-0.020446839706043867|-0.020446839706043867|-0.020446839706043867|-0.020446839706043867|-0.020446839706043867|-0.020446839706043867|0.0|0.0|0.0|93.03311208005732
2020-09-10|93.09373113635831|92.67420067272052|93.4845145944897|93.09373113635831|93.09373113635831|-0.003134318785149167|-0.003134318785149167|-0.003134318785149167|-0.003134318785149167|-0.003134318785149167|-0.003134318785149167|0.0|0.0|0.0|93.09059681757317
2020-09-11|93.13390335295327|92.70415158997086|93.53617152718901|93.13390335295327|93.13390335295327|-0.015462221390299796|-0.015462221390299796|-0.015462221390299796|-0.015462221390299796|-0.015462221390299796|-0.015462221390299796|0.0|0.0|0.0|93.11844113156297
2020-09-12|93.17407556954822|92.76139647184641|93.61459867120043|93.17407556954822|93.17407556954822|-0.0012018293559053859|-0.0012018293559053859|-0.0012018293559053859|-0.0012018293559053859|-0.0012018293559053859|-0.0012018293559053859|0.0|0.0|0.0|93.17287374019232
2020-09-13|93.21424778614318|92.79224647715283|93.60790204216175|93.21424778614318|93.21424778614318|0.013058562678759525|0.013058562678759525|0.013058562678759525|0.013058562678759525|0.013058562678759525|0.013058562678759525|0.0|0.0|0.0|93.22730634882194
2020-09-14|93.25442000653639|92.8816766197943|93.71080552214801|93.25442000653639|93.25442000653639|0.04062181828791388|0.04062181828791388|0.04062181828791388|0.04062181828791388|0.04062181828791388|0.04062181828791388|0.0|0.0|0.0|93.29504182482431
2020-09-15|93.2945922269296|92.83852154293425|93.6812547115313|93.2945922269296|93.2945922269296|-0.013435171729232623|-0.013435171729232623|-0.013435171729232623|-0.013435171729232623|-0.013435171729232623|-0.013435171729232623|0.0|0.0|0.0|93.28115705520037
2020-09-16|93.33476444732281|92.92265590402143|93.72605460841037|93.33476444732281|93.33476444732281|-0.020446839706052936|-0.020446839706052936|-0.020446839706052936|-0.020446839706052936|-0.020446839706052936|-0.020446839706052936|0.0|0.0|0.0|93.31431760761676
2020-09-17|93.37493666771601|92.97111255449119|93.78986193908311|93.37493666771601|93.37493666771601|-0.003134318785124254|-0.003134318785124254|-0.003134318785124254|-0.003134318785124254|-0.003134318785124254|-0.003134318785124254|0.0|0.0|0.0|93.37180234893088
2020-09-18|93.41510888810923|92.99547441179013|93.83139826938947|93.41510888810923|93.41510888810923|-0.015462221390322588|-0.015462221390322588|-0.015462221390322588|-0.015462221390322588|-0.015462221390322588|-0.015462221390322588|0.0|0.0|0.0|93.39964666671891
2020-09-19|93.50606669609904|93.10002818925149|93.90650289024778|93.50606669609904|93.50606669609904|-0.0012018293559153746|-0.0012018293559153746|-0.0012018293559153746|-0.0012018293559153746|-0.0012018293559153746|-0.0012018293559153746|0.0|0.0|0.0|93.50486486674312
2020-09-20|93.59702450408885|93.21528843764497|94.00540781124657|93.59702450408886|93.59702450408886|0.013058562678646315|0.013058562678646315|0.013058562678646315|0.013058562678646315|0.013058562678646315|0.013058562678646315|0.0|0.0|0.0|93.6100830667675
2020-09-21|93.68798231207865|93.30234954939961|94.12392757219787|93.68798231207865|93.68798231207865|0.0406218182879222|0.0406218182879222|0.0406218182879222|0.0406218182879222|0.0406218182879222|0.0406218182879222|0.0|0.0|0.0|93.72860413036656
2020-09-22|93.77894012006846|93.36071084388581|94.17398405017329|93.77894012006846|93.77894012006846|-0.0134351717291906|-0.0134351717291906|-0.0134351717291906|-0.0134351717291906|-0.0134351717291906|-0.0134351717291906|0.0|0.0|0.0|93.76550494833927
2020-09-23|93.86989792805826|93.47108081519706|94.2192343907336|93.86989792805826|93.86989792805826|-0.02044683970606201|-0.02044683970606201|-0.02044683970606201|-0.02044683970606201|-0.02044683970606201|-0.02044683970606201|0.0|0.0|0.0|93.8494510883522
2020-09-24|93.94364284911246|93.53019156531933|94.34558918165466|93.94364284911246|93.94364284911246|-0.0031343187851705892|-0.0031343187851705892|-0.0031343187851705892|-0.0031343187851705892|-0.0031343187851705892|-0.0031343187851705892|0.0|0.0|0.0|93.94050853032729
2020-09-25|94.01738777016664|93.56435007948275|94.40126792514695|94.01738777016664|94.01738777016664|-0.015462221390291119|-0.015462221390291119|-0.015462221390291119|-0.015462221390291119|-0.015462221390291119|-0.015462221390291119|0.0|0.0|0.0|94.00192554877634
2020-09-26|94.09113269122082|93.68571158207762|94.54340234028088|94.09113269122082|94.09113269122082|-0.0012018293559253634|-0.0012018293559253634|-0.0012018293559253634|-0.0012018293559253634|-0.0012018293559253634|-0.0012018293559253634|0.0|0.0|0.0|94.0899308618649
2020-09-27|94.16487761227503|93.76670946681668|94.60802617661054|94.16487761227503|94.16487761227503|0.013058562678671108|0.013058562678671108|0.013058562678671108|0.013058562678671108|0.013058562678671108|0.013058562678671108|0.0|0.0|0.0|94.1779361749537
2020-09-28|94.10716748931138|93.72562193713017|94.58726437845769|94.10716748931138|94.10716748931138|0.04062181828789816|0.04062181828789816|0.04062181828789816|0.04062181828789816|0.04062181828789816|0.04062181828789816|0.0|0.0|0.0|94.14778930759928
2020-09-29|94.04945736634774|93.62896451822616|94.47920975203957|94.04945736634774|94.04945736634774|-0.013435171729263914|-0.013435171729263914|-0.013435171729263914|-0.013435171729263914|-0.013435171729263914|-0.013435171729263914|0.0|0.0|0.0|94.03602219461847
2020-09-30|93.9917472433841|93.57105497673238|94.38159874318694|93.99174724338411|93.99174724338411|-0.020446839705999535|-0.020446839705999535|-0.020446839705999535|-0.020446839705999535|-0.020446839705999535|-0.020446839705999535|0.0|0.0|0.0|93.9713004036781
2020-10-01|93.93403712042046|93.4983068373755|94.34663771244827|93.93403712042046|93.93403712042046|-0.0031343187850744257|-0.0031343187850744257|-0.0031343187850744257|-0.0031343187850744257|-0.0031343187850744257|-0.0031343187850744257|0.0|0.0|0.0|93.93090280163538
2020-10-02|93.87632699745681|93.45015394169285|94.26878912765095|93.87632699745681|93.87632699745681|-0.015462221390257064|-0.015462221390257064|-0.015462221390257064|-0.015462221390257064|-0.015462221390257064|-0.015462221390257064|0.0|0.0|0.0|93.86086477606656
2020-10-03|93.81861717190124|93.40189275816587|94.22734744893094|93.81861717190124|93.81861717190124|-0.0012018293558729905|-0.0012018293558729905|-0.0012018293558729905|-0.0012018293558729905|-0.0012018293558729905|-0.0012018293558729905|0.0|0.0|0.0|93.81741534254536
2020-10-04|93.76090734634568|93.3626143590841|94.1983716209032|93.76090734634568|93.76090734634568|0.013058562678696548|0.013058562678696548|0.013058562678696548|0.013058562678696548|0.013058562678696548|0.013058562678696548|0.0|0.0|0.0|93.77396590902437
2020-10-05|93.70319752079011|93.34483375578762|94.14258555810787|93.70319752079011|93.70319752079011|0.040621818287874104|0.040621818287874104|0.040621818287874104|0.040621818287874104|0.040621818287874104|0.040621818287874104|0.0|0.0|0.0|93.74381933907799
2020-10-06|93.64548769523455|93.24701058816093|94.04574585183487|93.64548769523455|93.64548769523455|-0.013435171729121103|-0.013435171729121103|-0.013435171729121103|-0.013435171729121103|-0.013435171729121103|-0.013435171729121103|0.0|0.0|0.0|93.63205252350542
2020-10-07|93.58796346694149|93.15402880487892|93.98681870086713|93.58796346694149|93.58796346694149|-0.020446839706080147|-0.020446839706080147|-0.020446839706080147|-0.020446839706080147|-0.020446839706080147|-0.020446839706080147|0.0|0.0|0.0|93.5675166272354
2020-10-08|93.53043923864843|93.14005616834828|93.94379605122305|93.53043923864843|93.53043923864843|-0.0031343187851207623|-0.0031343187851207623|-0.0031343187851207623|-0.0031343187851207623|-0.0031343187851207623|-0.0031343187851207623|0.0|0.0|0.0|93.52730491986331
2020-10-09|93.47291501035538|93.04355860279719|93.81084035647778|93.47291501035538|93.47291501035538|-0.015462221390336704|-0.015462221390336704|-0.015462221390336704|-0.015462221390336704|-0.015462221390336704|-0.015462221390336704|0.0|0.0|0.0|93.45745278896504
2020-10-10|93.41539078206232|93.00022141789154|93.84746358139863|93.41539078206232|93.41539078206232|-0.0012018293558829789|-0.0012018293558829789|-0.0012018293558829789|-0.0012018293558829789|-0.0012018293558829789|-0.0012018293558829789|0.0|0.0|0.0|93.41418895270644
2020-10-11|93.35786655376926|92.93702166706713|93.79732246196444|93.35786655376926|93.35786655376926|0.013058562678582682|0.013058562678582682|0.013058562678582682|0.013058562678582682|0.013058562678582682|0.013058562678582682|0.0|0.0|0.0|93.37092511644784
2020-10-12|93.35750586389322|92.94477245205277|93.80845452938023|93.35750586389322|93.35750586389322|0.04062181828785007|0.04062181828785007|0.04062181828785007|0.04062181828785007|0.04062181828785007|0.04062181828785007|0.0|0.0|0.0|93.39812768218107
2020-10-13|93.35714517401718|92.9723627959673|93.75814842344708|93.35714517401718|93.35714517401718|-0.013435171729194409|-0.013435171729194409|-0.013435171729194409|-0.013435171729194409|-0.013435171729194409|-0.013435171729194409|0.0|0.0|0.0|93.34371000228798
2020-10-14|93.35678448414112|92.94672838396458|93.78797578937198|93.35678448414112|93.35678448414112|-0.020446839706057415|-0.020446839706057415|-0.020446839706057415|-0.020446839706057415|-0.020446839706057415|-0.020446839706057415|0.0|0.0|0.0|93.33633764443506
2020-10-15|93.35642379426507|92.91923883258784|93.75256446620962|93.35642379426507|93.35642379426507|-0.003134318785095848|-0.003134318785095848|-0.003134318785095848|-0.003134318785095848|-0.003134318785095848|-0.003134318785095848|0.0|0.0|0.0|93.35328947547997
2020-10-16|93.35606310438902|92.942494809749|93.75076257837318|93.35606310438902|93.35606310438902|-0.015462221390302651|-0.015462221390302651|-0.015462221390302651|-0.015462221390302651|-0.015462221390302651|-0.015462221390302651|0.0|0.0|0.0|93.34060088299871
2020-10-17|93.35570241247076|92.94004728638484|93.7775751030464|93.35570241247076|93.35570241247076|-0.0012018293559394083|-0.0012018293559394083|-0.0012018293559394083|-0.0012018293559394083|-0.0012018293559394083|-0.0012018293559394083|0.0|0.0|0.0|93.35450058311483
2020-10-18|93.35534172055249|92.93842413176273|93.75823544569297|93.3553417205525|93.3553417205525|0.013058562678608129|0.013058562678608129|0.013058562678608129|0.013058562678608129|0.013058562678608129|0.013058562678608129|0.0|0.0|0.0|93.3684002832311
2020-10-19|93.35498102863421|92.9845166309793|93.77773411675935|93.35498102863421|93.35498102863421|0.04062181828785839|0.04062181828785839|0.04062181828785839|0.04062181828785839|0.04062181828785839|0.04062181828785839|0.0|0.0|0.0|93.39560284692207
2020-10-20|93.35462033671593|92.92416008119092|93.75775899982679|93.35462033671593|93.35462033671593|-0.013435171729152387|-0.013435171729152387|-0.013435171729152387|-0.013435171729152387|-0.013435171729152387|-0.013435171729152387|0.0|0.0|0.0|93.34118516498677
2020-10-21|93.35425966873851|92.91842771314221|93.7466971421017|93.35425966873851|93.35425966873851|-0.020446839705994944|-0.020446839705994944|-0.020446839705994944|-0.020446839705994944|-0.020446839705994944|-0.020446839705994944|0.0|0.0|0.0|93.33381282903251
2020-10-22|93.35389900076107|92.94665989505864|93.75699329797648|93.35389900076107|93.35389900076107|-0.00313431878511882|-0.00313431878511882|-0.00313431878511882|-0.00313431878511882|-0.00313431878511882|-0.00313431878511882|0.0|0.0|0.0|93.35076468197596
2020-10-23|93.35353833278364|92.89987472777368|93.72893970667921|93.35353833278364|93.35353833278364|-0.015462221390325446|-0.015462221390325446|-0.015462221390325446|-0.015462221390325446|-0.015462221390325446|-0.015462221390325446|0.0|0.0|0.0|93.33807611139332
2020-10-24|93.35317766480621|92.93717475528346|93.7775807618517|93.35317766480621|93.35317766480621|-0.0012018293559182165|-0.0012018293559182165|-0.0012018293559182165|-0.0012018293559182165|-0.0012018293559182165|-0.0012018293559182165|0.0|0.0|0.0|93.35197583545029
2020-10-25|93.35281699682876|92.96818186998884|93.77554346740813|93.35281699682876|93.35281699682876|0.013058562678632918|0.013058562678632918|0.013058562678632918|0.013058562678632918|0.013058562678632918|0.013058562678632918|0.0|0.0|0.0|93.3658755595074
2020-10-26|93.3197588581292|92.96860927544604|93.75451441566298|93.3197588581292|93.3197588581292|0.040621818287801974|0.040621818287801974|0.040621818287801974|0.040621818287801974|0.040621818287801974|0.040621818287801974|0.0|0.0|0.0|93.36038067641701
2020-10-27|93.28670071942965|92.88373077985138|93.6904262013596|93.28670071942965|93.28670071942965|-0.013435171729225698|-0.013435171729225698|-0.013435171729225698|-0.013435171729225698|-0.013435171729225698|-0.013435171729225698|0.0|0.0|0.0|93.27326554770042
2020-10-28|93.25364258073009|92.78358753061812|93.62638791759383|93.25364258073009|93.25364258073009|-0.020446839706075557|-0.020446839706075557|-0.020446839706075557|-0.020446839706075557|-0.020446839706075557|-0.020446839706075557|0.0|0.0|0.0|93.233195741024
2020-10-29|93.22058444203051|92.77197021308552|93.62869671565602|93.22058444203051|93.22058444203051|-0.0031343187850939036|-0.0031343187850939036|-0.0031343187850939036|-0.0031343187850939036|-0.0031343187850939036|-0.0031343187850939036|0.0|0.0|0.0|93.21745012324541
2020-10-30|93.18752630333096|92.75915580840103|93.54540837280351|93.18752630333096|93.18752630333096|-0.015462221390291391|-0.015462221390291391|-0.015462221390291391|-0.015462221390291391|-0.015462221390291391|-0.015462221390291391|0.0|0.0|0.0|93.17206408194066
2020-10-31|93.1544681646314|92.75835895005214|93.56184008538551|93.1544681646314|93.1544681646314|-0.0012018293558970238|-0.0012018293558970238|-0.0012018293558970238|-0.0012018293558970238|-0.0012018293558970238|-0.0012018293558970238|0.0|0.0|0.0|93.1532663352755
2020-11-01|93.12141002593184|92.74227560196093|93.56494769611952|93.12141002593184|93.12141002593184|0.013058562678657702|0.013058562678657702|0.013058562678657702|0.013058562678657702|0.013058562678657702|0.013058562678657702|0.0|0.0|0.0|93.13446858861049
2020-11-02|93.08835188723226|92.7104907180998|93.5389768913044|93.08835188723226|93.08835188723226|0.040621818287902144|0.040621818287902144|0.040621818287902144|0.040621818287902144|0.040621818287902144|0.040621818287902144|0.0|0.0|0.0|93.12897370552017
2020-11-03|93.0552937485327|92.6173068986593|93.4737274931079|93.0552937485327|93.0552937485327|-0.013435171729241344|-0.013435171729241344|-0.013435171729241344|-0.013435171729241344|-0.013435171729241344|-0.013435171729241344|0.0|0.0|0.0|93.04185857680346
2020-11-04|93.02223560983315|92.58329092659326|93.41149319592253|93.02223560983315|93.02223560983315|-0.020446839706013083|-0.020446839706013083|-0.020446839706013083|-0.020446839706013083|-0.020446839706013083|-0.020446839706013083|0.0|0.0|0.0|93.00178877012713
2020-11-05|92.98917747113359|92.60383275446608|93.39050359448554|92.98917747113359|92.98917747113359|-0.003134318785140242|-0.003134318785140242|-0.003134318785140242|-0.003134318785140242|-0.003134318785140242|-0.003134318785140242|0.0|0.0|0.0|92.98604315234844
2020-11-06|92.95611933243403|92.51298555384562|93.35139581847152|92.95611933243403|92.95611933243403|-0.01546222139037103|-0.01546222139037103|-0.01546222139037103|-0.01546222139037103|-0.01546222139037103|-0.01546222139037103|0.0|0.0|0.0|92.94065711104366
2020-11-07|92.92306119373445|92.51840957748965|93.32050439281697|92.92306119373445|92.92306119373445|-0.0012018293559846354|-0.0012018293559846354|-0.0012018293559846354|-0.0012018293559846354|-0.0012018293559846354|-0.0012018293559846354|0.0|0.0|0.0|92.92185936437848
2020-11-08|92.8900030550349|92.5288150030816|93.29278763271054|92.8900030550349|92.8900030550349|0.013058562678683808|0.013058562678683808|0.013058562678683808|0.013058562678683808|0.013058562678683808|0.013058562678683808|0.0|0.0|0.0|92.90306161771358
2020-11-09|92.85694491633534|92.4928227545815|93.29957753278178|92.85694491633535|92.85694491633535|0.0406218182878781|0.0406218182878781|0.0406218182878781|0.0406218182878781|0.0406218182878781|0.0406218182878781|0.0|0.0|0.0|92.89756673462321
2020-11-10|92.82388677763578|92.41920099103497|93.24129926566131|92.82388677763578|92.82388677763578|-0.013435171729098533|-0.013435171729098533|-0.013435171729098533|-0.013435171729098533|-0.013435171729098533|-0.013435171729098533|0.0|0.0|0.0|92.81045160590668
2020-11-11|92.7908286389362|92.35370258310786|93.20001349589421|92.7908286389362|92.7908286389362|-0.020446839706022152|-0.020446839706022152|-0.020446839706022152|-0.020446839706022152|-0.020446839706022152|-0.020446839706022152|0.0|0.0|0.0|92.77038179923018
2020-11-12|92.75777050023665|92.33186559704593|93.15527940297538|92.75777050023663|92.75777050023663|-0.003134318785044076|-0.003134318785044076|-0.003134318785044076|-0.003134318785044076|-0.003134318785044076|-0.003134318785044076|0.0|0.0|0.0|92.7546361814516
2020-11-13|92.72471236153707|92.29840027167285|93.11268449328142|92.72471236153709|92.72471236153709|-0.015462221390282716|-0.015462221390282716|-0.015462221390282716|-0.015462221390282716|-0.015462221390282716|-0.015462221390282716|0.0|0.0|0.0|92.70925014014679
2020-11-14|92.69165422283751|92.28954653607983|93.1229245002587|92.69165422283751|92.69165422283751|-0.0012018293559322615|-0.0012018293559322615|-0.0012018293559322615|-0.0012018293559322615|-0.0012018293559322615|-0.0012018293559322615|0.0|0.0|0.0|92.69045239348158
2020-11-15|92.65859608413795|92.25841722069794|93.07806329863735|92.65859608413794|92.65859608413794|0.01305856267870859|0.01305856267870859|0.01305856267870859|0.01305856267870859|0.01305856267870859|0.01305856267870859|0.0|0.0|0.0|92.67165464681666
2020-11-16|92.62553794543838|92.27032467025964|93.06518184923047|92.62553794543837|92.62553794543837|0.04062181828788642|0.04062181828788642|0.04062181828788642|0.04062181828788642|0.04062181828788642|0.04062181828788642|0.0|0.0|0.0|92.66615976372627
2020-11-17|92.59247980673882|92.1458244260059|93.00505494555348|92.59247980673882|92.59247980673882|-0.013435171729114175|-0.013435171729114175|-0.013435171729114175|-0.013435171729114175|-0.013435171729114175|-0.013435171729114175|0.0|0.0|0.0|92.57904463500971
2020-11-18|92.55942166803926|92.13216376742943|92.9507433525658|92.55942166803926|92.55942166803926|-0.020446839705999427|-0.020446839705999427|-0.020446839705999427|-0.020446839705999427|-0.020446839705999427|-0.020446839705999427|0.0|0.0|0.0|92.53897482833327
2020-11-19|92.5263635293397|92.12513888159097|92.94095330284509|92.5263635293397|92.5263635293397|-0.003134318785090415|-0.003134318785090415|-0.003134318785090415|-0.003134318785090415|-0.003134318785090415|-0.003134318785090415|0.0|0.0|0.0|92.52322921055462
2020-11-20|92.49330539064015|92.07840481705371|92.91027008133929|92.49330539064015|92.49330539064015|-0.015462221390305508|-0.015462221390305508|-0.015462221390305508|-0.015462221390305508|-0.015462221390305508|-0.015462221390305508|0.0|0.0|0.0|92.47784316924984
2020-11-21|92.46024725194057|92.04127366535731|92.8888681793662|92.46024725194057|92.46024725194057|-0.0012018293559422511|-0.0012018293559422511|-0.0012018293559422511|-0.0012018293559422511|-0.0012018293559422511|-0.0012018293559422511|0.0|0.0|0.0|92.45904542258462
2020-11-22|92.42718911324101|92.03131922893868|92.8610415382108|92.42718911324101|92.42718911324101|0.01305856267873404|0.01305856267873404|0.01305856267873404|0.01305856267873404|0.01305856267873404|0.01305856267873404|0.0|0.0|0.0|92.44024767591975
2020-11-23|92.39413097454145|92.02104541550696|92.83380919166473|92.39413097454145|92.39413097454145|0.04062181828783001|0.04062181828783001|0.04062181828783001|0.04062181828783001|0.04062181828783001|0.04062181828783001|0.0|0.0|0.0|92.43475279282929
2020-11-24|92.3610728358419|91.93945894102127|92.73511373411361|92.3610728358419|92.3610728358419|-0.013435171729187487|-0.013435171729187487|-0.013435171729187487|-0.013435171729187487|-0.013435171729187487|-0.013435171729187487|0.0|0.0|0.0|92.34763766411271
2020-11-25|92.32801469714232|91.89787489391844|92.72593819424435|92.32801469714232|92.32801469714232|-0.02044683970608004|-0.02044683970608004|-0.02044683970608004|-0.02044683970608004|-0.02044683970608004|-0.02044683970608004|0.0|0.0|0.0|92.30756785743624
2020-11-26|92.29495655844276|91.88232727284313|92.70329772228135|92.28676284699628|92.30167375080936|-0.003134318785136748|-0.003134318785136748|-0.003134318785136748|-0.003134318785136748|-0.003134318785136748|-0.003134318785136748|0.0|0.0|0.0|92.29182223965762
2020-11-27|92.2618984197432|91.830602279117|92.65886576451454|92.23274749973139|92.2879805917257|-0.015462221390328301|-0.015462221390328301|-0.015462221390328301|-0.015462221390328301|-0.015462221390328301|-0.015462221390328301|0.0|0.0|0.0|92.24643619835288
2020-11-28|92.22884028104365|91.82870271699254|92.67171362498837|92.17830907242282|92.27762330699642|-0.0012018293559210602|-0.0012018293559210602|-0.0012018293559210602|-0.0012018293559210602|-0.0012018293559210602|-0.0012018293559210602|0.0|0.0|0.0|92.22763845168772
2020-11-29|92.19578214234407|91.79327294738462|92.65058077797494|92.11633326450435|92.27275157781182|0.013058562678620177|0.013058562678620177|0.013058562678620177|0.013058562678620177|0.013058562678620177|0.013058562678620177|0.0|0.0|0.0|92.2088407050227
2020-11-30|92.16272400364451|91.77045549018429|92.63938329182719|92.05508451138282|92.27757787719132|0.040621818287838334|0.040621818287838334|0.040621818287838334|0.040621818287838334|0.040621818287838334|0.040621818287838334|0.0|0.0|0.0|92.20334582193234
2020-12-01|92.12966586494495|91.65848946205007|92.59292205540635|91.980935067437|92.29208682962626|-0.013435171729145465|-0.013435171729145465|-0.013435171729145465|-0.013435171729145465|-0.013435171729145465|-0.013435171729145465|0.0|0.0|0.0|92.11623069321581
2020-12-02|92.0966077262454|91.59196182444917|92.52559991746708|91.91083535219789|92.30302649966904|-0.020446839706017562|-0.020446839706017562|-0.020446839706017562|-0.020446839706017562|-0.020446839706017562|-0.020446839706017562|0.0|0.0|0.0|92.07616088653938
2020-12-03|92.06354958754582|91.57964428882583|92.60436145803232|91.83867336126771|92.3164805481372|-0.0031343187850405873|-0.0031343187850405873|-0.0031343187850405873|-0.0031343187850405873|-0.0031343187850405873|-0.0031343187850405873|0.0|0.0|0.0|92.06041526876078
2020-12-04|92.03049144884626|91.48732066640846|92.55665024585959|91.75413189695247|92.33506906477089|-0.015462221390296833|-0.015462221390296833|-0.015462221390296833|-0.015462221390296833|-0.015462221390296833|-0.015462221390296833|0.0|0.0|0.0|92.01502922745597
2020-12-05|91.99743331014669|91.46095915422634|92.54936217768153|91.67245045406517|92.35705154085203|-0.0012018293559310472|-0.0012018293559310472|-0.0012018293559310472|-0.0012018293559310472|-0.0012018293559310472|-0.0012018293559310472|0.0|0.0|0.0|91.99623148079075
2020-12-06|91.96437517144713|91.38931082382011|92.55054885302327|91.58142167162598|92.39307424142017|0.013058562678645618|0.013058562678645618|0.013058562678645618|0.013058562678645618|0.013058562678645618|0.013058562678645618|0.0|0.0|0.0|91.97743373412578
2020-12-07|91.93131703274757|91.35207457401918|92.57903171308828|91.48979715127356|92.41561763530876|0.0406218182879385|0.0406218182879385|0.0406218182879385|0.0406218182879385|0.0406218182879385|0.0406218182879385|0.0|0.0|0.0|91.9719388510355
2020-12-08|91.89825889404801|91.22439843917232|92.57467459286023|91.40734424674187|92.42997632024101|-0.013435171729218775|-0.013435171729218775|-0.013435171729218775|-0.013435171729218775|-0.013435171729218775|-0.013435171729218775|0.0|0.0|0.0|91.8848237223188
2020-12-09|91.86520075534844|91.1167000356174|92.59884816601694|91.31756548322616|92.47347730269061|-0.02044683970602663|-0.02044683970602663|-0.02044683970602663|-0.02044683970602663|-0.02044683970602663|-0.02044683970602663|0.0|0.0|0.0|91.84475391564241
2020-12-10|91.83214261664888|91.08693019573448|92.62281526177894|91.23161305506751|92.5114803019348|-0.0031343187851348066|-0.0031343187851348066|-0.0031343187851348066|-0.0031343187851348066|-0.0031343187851348066|-0.0031343187851348066|0.0|0.0|0.0|91.82900829786375
2020-12-11|91.79908447794932|90.9737889848082|92.64629031738738|91.1301895701561|92.56262727563266|-0.01546222139026278|-0.01546222139026278|-0.01546222139026278|-0.01546222139026278|-0.01546222139026278|-0.01546222139026278|0.0|0.0|0.0|91.78362225655906
2020-12-12|91.76602633924976|90.8692518694167|92.66611515382289|90.99872073077678|92.60837831864325|-0.0012018293558786744|-0.0012018293558786744|-0.0012018293558786744|-0.0012018293558786744|-0.0012018293558786744|-0.0012018293558786744|0.0|0.0|0.0|91.76482450989388
2020-12-13|91.73296820055019|90.7734478160766|92.77323358795432|90.88106535687822|92.65227462906975|0.013058562678670407|0.013058562678670407|0.013058562678670407|0.013058562678670407|0.013058562678670407|0.013058562678670407|0.0|0.0|0.0|91.74602676322885
2020-12-14|91.69991006185063|90.7297919425028|92.85036338712399|90.76745108481914|92.67854441609907|0.04062181828788208|0.04062181828788208|0.04062181828788208|0.04062181828788208|0.04062181828788208|0.04062181828788208|0.0|0.0|0.0|91.74053188013852
2020-12-15|91.66685192315107|90.60337768360671|92.78209187784392|90.64555587950554|92.70588971799862|-0.013435171729075964|-0.013435171729075964|-0.013435171729075964|-0.013435171729075964|-0.013435171729075964|-0.013435171729075964|0.0|0.0|0.0|91.653416751422
2020-12-16|91.63379378445151|90.4935551067595|92.79768943713212|90.528875056696|92.73689195356462|-0.0204468397060357|-0.0204468397060357|-0.0204468397060357|-0.0204468397060357|-0.0204468397060357|-0.0204468397060357|0.0|0.0|0.0|91.61334694474547
2020-12-17|91.60073564575194|90.4230352346249|92.81476113170142|90.4466137539527|92.78701755127142|-0.003134318785109889|-0.003134318785109889|-0.003134318785109889|-0.003134318785109889|-0.003134318785109889|-0.003134318785109889|0.0|0.0|0.0|91.59760132696682
2020-12-18|91.56767750705238|90.33156023606462|92.87085667256446|90.34511724850117|92.82365548684197|-0.015462221390342418|-0.015462221390342418|-0.015462221390342418|-0.015462221390342418|-0.015462221390342418|-0.015462221390342418|0.0|0.0|0.0|91.55221528566204
2020-12-19|91.53461936835282|90.18673338287601|92.98878508983519|90.26371908732195|92.87919691079212|-0.0012018293558886631|-0.0012018293558886631|-0.0012018293558886631|-0.0012018293558886631|-0.0012018293558886631|-0.0012018293558886631|0.0|0.0|0.0|91.53341753899693
2020-12-20|91.50156122965326|90.10278137481734|93.06407995566012|90.13675751508163|92.90974658162581|0.013058562678696506|0.013058562678696506|0.013058562678696506|0.013058562678696506|0.013058562678696506|0.013058562678696506|0.0|0.0|0.0|91.51461979233196
2020-12-21|91.4685030909537|89.98943662691264|93.08237350546526|89.99558127946699|92.96298536490642|0.04062181828789041|0.04062181828789041|0.04062181828789041|0.04062181828789041|0.04062181828789041|0.04062181828789041|0.0|0.0|0.0|91.50912490924159
2020-12-22|91.43544495225413|89.79653384663929|93.08079113316421|89.89810899655922|93.01161078585068|-0.013435171729149275|-0.013435171729149275|-0.013435171729149275|-0.013435171729149275|-0.013435171729149275|-0.013435171729149275|0.0|0.0|0.0|91.42200978052499
2020-12-23|91.40238681355457|89.67938072089653|93.17964017439849|89.76408905988374|93.06963296538024|-0.02044683970604477|-0.02044683970604477|-0.02044683970604477|-0.02044683970604477|-0.02044683970604477|-0.02044683970604477|0.0|0.0|0.0|91.38193997384853
2020-12-24|91.36932867485501|89.6504788165936|93.15183209070508|89.64149626951372|93.12762040413212|-0.0031343187851562287|-0.0031343187851562287|-0.0031343187851562287|-0.0031343187851562287|-0.0031343187851562287|-0.0031343187851562287|0.0|0.0|0.0|91.36619435606985
2020-12-25|91.33627053615544|89.42951292328503|93.23877783513228|89.55057242555769|93.1598000771075|-0.015462221390308365|-0.015462221390308365|-0.015462221390308365|-0.015462221390308365|-0.015462221390308365|-0.015462221390308365|0.0|0.0|0.0|91.32080831476513
2020-12-26|91.30321239745588|89.43037720040465|93.31248875571387|89.42868522979796|93.23213939601919|-0.0012018293559450932|-0.0012018293559450932|-0.0012018293559450932|-0.0012018293559450932|-0.0012018293559450932|-0.0012018293559450932|0.0|0.0|0.0|91.30201056809993
2020-12-27|91.2701542587563|89.25348574997213|93.35531552642358|89.30340254425295|93.28954082225597|0.013058562678721294|0.013058562678721294|0.013058562678721294|0.013058562678721294|0.013058562678721294|0.013058562678721294|0.0|0.0|0.0|91.28321282143503
2020-12-28|91.23709612005675|89.15511026964396|93.45204914586992|89.14785332679861|93.35049139276082|0.04062181828786636|0.04062181828786636|0.04062181828786636|0.04062181828786636|0.04062181828786636|0.04062181828786636|0.0|0.0|0.0|91.27771793834461
2020-12-29|91.20403798135719|88.94113163223089|93.44925720599308|89.01859001444704|93.41700039383845|-0.013435171729107253|-0.013435171729107253|-0.013435171729107253|-0.013435171729107253|-0.013435171729107253|-0.013435171729107253|0.0|0.0|0.0|91.19060280962807
2020-12-30|91.17097984265763|88.84256082785414|93.40050130411663|88.89629233681762|93.47706755139752|-0.0204468397059823|-0.0204468397059823|-0.0204468397059823|-0.0204468397059823|-0.0204468397059823|-0.0204468397059823|0.0|0.0|0.0|91.15053300295165
2020-12-31|91.13792170395806|88.76122791903764|93.56405733391256|88.77410806460284|93.53849103046514|-0.003134318785107948|-0.003134318785107948|-0.003134318785107948|-0.003134318785107948|-0.003134318785107948|-0.003134318785107948|0.0|0.0|0.0|91.13478738517294
2021-01-01|91.1048635652585|88.61440266863572|93.60470941800031|88.63552931203118|93.61422415095925|-0.015462221390274313|-0.015462221390274313|-0.015462221390274313|-0.015462221390274313|-0.015462221390274313|-0.015462221390274313|0.0|0.0|0.0|91.08940134386822
2021-01-02|91.07180542655894|88.44652350881782|93.68911354595008|88.4844651566955|93.65821825319982|-0.0012018293559239003|-0.0012018293559239003|-0.0012018293559239003|-0.0012018293559239003|-0.0012018293559239003|-0.0012018293559239003|0.0|0.0|0.0|91.07060359720302
2021-01-03|91.03874728785938|88.36356369086597|93.83535502710271|88.33587811025986|93.75155454885525|0.013058562678746737|0.013058562678746737|0.013058562678746737|0.013058562678746737|0.013058562678746737|0.013058562678746737|0.0|0.0|0.0|91.05180585053813
2021-01-04|91.00568914915982|88.1748502859484|93.89040142948338|88.20492016042871|93.80526066948588|0.04062181828784232|0.04062181828784232|0.04062181828784232|0.04062181828784232|0.04062181828784232|0.04062181828784232|0.0|0.0|0.0|91.04631096744767
2021-01-05|90.97263101046025|87.9372909333155|93.93898458740868|88.03195053730659|93.90312556407015|-0.013435171729180559|-0.013435171729180559|-0.013435171729180559|-0.013435171729180559|-0.013435171729180559|-0.013435171729180559|0.0|0.0|0.0|90.95919583873106
2021-01-06|90.93957287176069|87.82332036275946|93.8926553970099|87.87693369723077|93.99557677273852|-0.020446839706102653|-0.020446839706102653|-0.020446839706102653|-0.020446839706102653|-0.020446839706102653|-0.020446839706102653|0.0|0.0|0.0|90.91912603205459
2021-01-07|90.90651473306113|87.76671473079135|94.08546007533974|87.75818195429493|94.09383380233987|-0.003134318785154286|-0.003134318785154286|-0.003134318785154286|-0.003134318785154286|-0.003134318785154286|-0.003134318785154286|0.0|0.0|0.0|90.90338041427597
2021-01-08|90.87345659436157|87.62847347838895|94.02387980088841|87.66142586854185|94.18772440854384|-0.015462221390297105|-0.015462221390297105|-0.015462221390297105|-0.015462221390297105|-0.015462221390297105|-0.015462221390297105|0.0|0.0|0.0|90.85799437297128
2021-01-09|90.840398455662|87.41006598661849|94.21591711047945|87.54489967326315|94.29229693773486|-0.0012018293559027079|-0.0012018293559027079|-0.0012018293559027079|-0.0012018293559027079|-0.0012018293559027079|-0.0012018293559027079|0.0|0.0|0.0|90.83919662630609
2021-01-10|90.80734031696244|87.29544875178219|94.35067879270605|87.38266875492748|94.37746434869896|0.013058562678632216|0.013058562678632216|0.013058562678632216|0.013058562678632216|0.013058562678632216|0.013058562678632216|0.0|0.0|0.0|90.82039887964108
2021-01-11|90.77428217826288|87.1936185279921|94.40038058492179|87.2395697652018|94.45543934027799|0.04062181828791012|0.04062181828791012|0.04062181828791012|0.04062181828791012|0.04062181828791012|0.04062181828791012|0.0|0.0|0.0|90.8149039965508
2021-01-12|90.74122403956332|87.02053519771594|94.51630478845405|87.07786814083623|94.52606448451584|-0.013435171729253874|-0.013435171729253874|-0.013435171729253874|-0.013435171729253874|-0.013435171729253874|-0.013435171729253874|0.0|0.0|0.0|90.72778886783406
2021-01-13|90.70816590086375|86.77511815522476|94.61551303841024|86.9179123088453|94.65573079801621|-0.02044683970604018|-0.02044683970604018|-0.02044683970604018|-0.02044683970604018|-0.02044683970604018|-0.02044683970604018|0.0|0.0|0.0|90.68771906115771
2021-01-14|90.67510776216417|86.83644918351644|94.71038783143459|86.7765443541155|94.73663829412013|-0.00313431878512937|-0.00313431878512937|-0.00313431878512937|-0.00313431878512937|-0.00313431878512937|-0.00313431878512937|0.0|0.0|0.0|90.67197344337904
2021-01-15|90.64204962346462|86.5747024836323|94.57574156368388|86.64966749116284|94.85621846210327|-0.015462221390319896|-0.015462221390319896|-0.015462221390319896|-0.015462221390319896|-0.015462221390319896|-0.015462221390319896|0.0|0.0|0.0|90.62658740207429
2021-01-16|90.60899148476506|86.40829480974682|95.09834276306033|86.48523937912906|94.9240785075169|-0.0012018293559126977|-0.0012018293559126977|-0.0012018293559126977|-0.0012018293559126977|-0.0012018293559126977|-0.0012018293559126977|0.0|0.0|0.0|90.60778965540915
2021-01-17|90.5759333460655|86.21522484411989|95.06250067862011|86.3584854779812|95.05858692835231|0.01305856267865832|0.01305856267865832|0.01305856267865832|0.01305856267865832|0.01305856267865832|0.01305856267865832|0.0|0.0|0.0|90.58899190874415
2021-01-18|90.54287520736594|86.22111509105153|95.14528569249647|86.22473267243764|95.15841473714278|0.04062181828791844|0.04062181828791844|0.04062181828791844|0.04062181828791844|0.04062181828791844|0.04062181828791844|0.0|0.0|0.0|90.58349702565386
2021-01-19|90.50981706866637|85.94046582445498|95.1452969252221|86.05552937868563|95.17794128024181|-0.01343517172921185|-0.01343517172921185|-0.01343517172921185|-0.01343517172921185|-0.01343517172921185|-0.01343517172921185|0.0|0.0|0.0|90.49638189693715
2021-01-20|90.4767589299668|85.7532605829451|95.26740775393725|85.8434392060632|95.31076923920882|-0.020446839706049248|-0.020446839706049248|-0.020446839706049248|-0.020446839706049248|-0.020446839706049248|-0.020446839706049248|0.0|0.0|0.0|90.45631209026075
2021-01-21|90.44370079126725|85.66621288189845|95.38615220836115|85.67074868470189|95.42321682210478|-0.003134318785104458|-0.003134318785104458|-0.003134318785104458|-0.003134318785104458|-0.003134318785104458|-0.003134318785104458|0.0|0.0|0.0|90.44056647248215
2021-01-22|90.41064265256769|85.49575676291522|95.5223447435528|85.48306644339048|95.53204078365121|-0.015462221390288428|-0.015462221390288428|-0.015462221390288428|-0.015462221390288428|-0.015462221390288428|-0.015462221390288428|0.0|0.0|0.0|90.3951804311774
2021-01-23|90.37758451386811|85.33902398688957|95.63494919939444|85.30701548650367|95.64844536630272|-0.001201829355860324|-0.001201829355860324|-0.001201829355860324|-0.001201829355860324|-0.001201829355860324|-0.001201829355860324|0.0|0.0|0.0|90.37638268451225
2021-01-24|90.34452637516856|85.07960102388915|95.82532098958727|85.14939132880811|95.7101906924899|0.013058562678683105|0.013058562678683105|0.013058562678683105|0.013058562678683105|0.013058562678683105|0.013058562678683105|0.0|0.0|0.0|90.35758493784724
2021-01-25|90.311468236469|84.83012700668226|96.03558086115171|84.98635551781211|95.84812027986459|0.0406218182878944|0.0406218182878944|0.0406218182878944|0.0406218182878944|0.0406218182878944|0.0406218182878944|0.0|0.0|0.0|90.35209005475689
2021-01-26|90.27841009776944|84.79418238306074|95.80743080025398|84.82602255578811|95.91959400103885|-0.013435171729285161|-0.013435171729285161|-0.013435171729285161|-0.013435171729285161|-0.013435171729285161|-0.013435171729285161|0.0|0.0|0.0|90.26497492604015
2021-01-27|90.24535195906986|84.72934062096694|96.15541570333033|84.67732148279302|96.00831944510433|-0.02044683970602652|-0.02044683970602652|-0.02044683970602652|-0.02044683970602652|-0.02044683970602652|-0.02044683970602652|0.0|0.0|0.0|90.22490511936384
2021-01-28|90.2122938203703|84.39838140102405|96.13504706185314|84.50626189703544|96.15169401217126|-0.003134318785079542|-0.003134318785079542|-0.003134318785079542|-0.003134318785079542|-0.003134318785079542|-0.003134318785079542|0.0|0.0|0.0|90.20915950158522
2021-01-29|90.17923568167075|84.38469064521388|96.38955243016794|84.37134637300852|96.3042848076679|-0.015462221390254377|-0.015462221390254377|-0.015462221390254377|-0.015462221390254377|-0.015462221390254377|-0.015462221390254377|0.0|0.0|0.0|90.1637734602805
2021-01-30|90.14617754297119|84.04798826775898|96.3888745883261|84.17182202122656|96.43392026059617|-0.0012018293558703134|-0.0012018293558703134|-0.0012018293558703134|-0.0012018293558703134|-0.0012018293558703134|-0.0012018293558703134|0.0|0.0|0.0|90.14497571361532
2021-01-31|90.11311940427163|83.82183632831718|96.60170472828092|83.97838169888354|96.55553427163271|0.01305856267870855|0.01305856267870855|0.01305856267870855|0.01305856267870855|0.01305856267870855|0.01305856267870855|0.0|0.0|0.0|90.12617796695034
2021-02-01|90.08006126557206|83.9252500517383|96.73333815323743|83.8419513495488|96.72469233545912|0.04062181828787036|0.04062181828787036|0.04062181828787036|0.04062181828787036|0.04062181828787036|0.04062181828787036|0.0|0.0|0.0|90.12068308385993
2021-02-02|90.0470031268725|83.4694719954739|96.76375206858567|83.67701549703847|96.90373323787043|-0.013435171729142348|-0.013435171729142348|-0.013435171729142348|-0.013435171729142348|-0.013435171729142348|-0.013435171729142348|0.0|0.0|0.0|90.03356795514335
2021-02-03|90.01394498817294|83.35909619075395|97.1752147697651|83.47020835480849|97.06419460490308|-0.020446839706107136|-0.020446839706107136|-0.020446839706107136|-0.020446839706107136|-0.020446839706107136|-0.020446839706107136|0.0|0.0|0.0|89.99349814846683
2021-02-04|89.98088684947338|83.37540611135032|97.24249392615131|83.23293785051428|97.23001413893142|-0.0031343187851258785|-0.0031343187851258785|-0.0031343187851258785|-0.0031343187851258785|-0.0031343187851258785|-0.0031343187851258785|0.0|0.0|0.0|89.97775253068825
2021-02-05|89.9478287107738|83.11103695146724|97.44510398814522|83.09654012883618|97.38295285397977|-0.015462221390334017|-0.015462221390334017|-0.015462221390334017|-0.015462221390334017|-0.015462221390334017|-0.015462221390334017|0.0|0.0|0.0|89.93236648938347
2021-02-06|89.91477057207423|82.9293671527224|97.44008053411895|82.96422888374188|97.50677055176227|-0.0012018293559579237|-0.0012018293559579237|-0.0012018293559579237|-0.0012018293559579237|-0.0012018293559579237|-0.0012018293559579237|0.0|0.0|0.0|89.91356874271827
2021-02-07|89.88171243337467|82.66428131892043|97.63365440654961|82.77207930159996|97.6614160368752|0.013058562678594685|0.013058562678594685|0.013058562678594685|0.013058562678594685|0.013058562678594685|0.013058562678594685|0.0|0.0|0.0|89.89477099605327
2021-02-08|89.84865429467511|82.63203716320075|97.65582694575352|82.56206503394324|97.8103825045435|0.04062181828784631|0.04062181828784631|0.04062181828784631|0.04062181828784631|0.04062181828784631|0.04062181828784631|0.0|0.0|0.0|89.88927611296296
2021-02-09|89.81559615597556|82.28284769401094|97.95850813477372|82.32120632339993|97.93689424602604|-0.013435171729157994|-0.013435171729157994|-0.013435171729157994|-0.013435171729157994|-0.013435171729157994|-0.013435171729157994|0.0|0.0|0.0|89.8021609842464
2021-02-10|89.78253801727598|82.22608669444014|98.00028787675568|82.09940333111538|98.0458209771535|-0.020446839706044665|-0.020446839706044665|-0.020446839706044665|-0.020446839706044665|-0.020446839706044665|-0.020446839706044665|0.0|0.0|0.0|89.76209117756994
2021-02-11|89.74947987857642|81.7516908625585|98.10663951127121|81.88060059816549|98.20928354962027|-0.003134318785029714|-0.003134318785029714|-0.003134318785029714|-0.003134318785029714|-0.003134318785029714|-0.003134318785029714|0.0|0.0|0.0|89.7463455597914
2021-02-12|89.71642173987686|81.82217184569527|98.41928633026191|81.68360755098887|98.36565368772276|-0.01546222139029996|-0.01546222139029996|-0.01546222139029996|-0.01546222139029996|-0.01546222139029996|-0.01546222139029996|0.0|0.0|0.0|89.70095951848657
2021-02-13|89.6833636011773|81.53992802549264|98.4857669011987|81.46486273669905|98.49226563898814|-0.0012018293559367312|-0.0012018293559367312|-0.0012018293559367312|-0.0012018293559367312|-0.0012018293559367312|-0.0012018293559367312|0.0|0.0|0.0|89.68216177182137
2021-02-14|89.65030546247775|81.15083085278934|98.61856493632406|81.31272401151178|98.68782265939812|0.01305856267862013|0.01305856267862013|0.01305856267862013|0.01305856267862013|0.01305856267862013|0.01305856267862013|0.0|0.0|0.0|89.66336402515637
2021-02-15|89.61724732377817|81.16617850935344|98.83821993364954|81.19116076567431|98.86830889707984|0.04062181828785463|0.04062181828785463|0.04062181828785463|0.04062181828785463|0.04062181828785463|0.04062181828785463|0.0|0.0|0.0|89.65786914206603
2021-02-16|89.58418918507861|81.0757036135167|98.87581602786977|80.96568529441116|99.01619514799775|-0.013435171729173637|-0.013435171729173637|-0.013435171729173637|-0.013435171729173637|-0.013435171729173637|-0.013435171729173637|0.0|0.0|0.0|89.57075401334944
2021-02-17|89.55113104637906|80.88088590800767|99.02480569379065|80.74245635961607|99.1358815406161|-0.020446839705982187|-0.020446839705982187|-0.020446839705982187|-0.020446839705982187|-0.020446839705982187|-0.020446839705982187|0.0|0.0|0.0|89.53068420667307
2021-02-18|89.5180729076795|80.71885722163577|99.35634206787674|80.60126828871968|99.17469145077692|-0.0031343187851239334|-0.0031343187851239334|-0.0031343187851239334|-0.0031343187851239334|-0.0031343187851239334|-0.0031343187851239334|0.0|0.0|0.0|89.51493858889437
2021-02-19|89.48501476897992|80.48755748273024|99.38656310482276|80.42489316259179|99.24786192605241|-0.015462221390322755|-0.015462221390322755|-0.015462221390322755|-0.015462221390322755|-0.015462221390322755|-0.015462221390322755|0.0|0.0|0.0|89.4695525475896
2021-02-20|89.45195663028036|80.3627571419252|99.36418406264045|80.2447952780696|99.36476216483814|-0.001201829355915541|-0.001201829355915541|-0.001201829355915541|-0.001201829355915541|-0.001201829355915541|-0.001201829355915541|0.0|0.0|0.0|89.45075480092444
2021-02-21|89.4188984915808|80.01903344986299|99.70857463368425|80.04409254482076|99.52426336250382|0.013058562678644917|0.013058562678644917|0.013058562678644917|0.013058562678644917|0.013058562678644917|0.013058562678644917|0.0|0.0|0.0|89.43195705425946
2021-02-22|89.38584035288125|79.81024212672058|99.81152032495612|79.84439340985318|99.69813686578053|0.04062181828779822|0.04062181828779822|0.04062181828779822|0.04062181828779822|0.04062181828779822|0.04062181828779822|0.0|0.0|0.0|89.42646217116905
2021-02-23|89.35278221418167|79.69727691560689|99.85070435546477|79.67463242602125|99.8299117458054|-0.013435171729088494|-0.013435171729088494|-0.013435171729088494|-0.013435171729088494|-0.013435171729088494|-0.013435171729088494|0.0|0.0|0.0|89.33934704245259
2021-02-24|89.3197240754821|79.46369921611324|99.80344241851284|79.410425475829|100.01093056796145|-0.020446839706062796|-0.020446839706062796|-0.020446839706062796|-0.020446839706062796|-0.020446839706062796|-0.020446839706062796|0.0|0.0|0.0|89.29927723577603
2021-02-25|89.28666593678254|79.28223066000547|100.10009307662266|79.29356743840103|100.19489960712593|-0.0031343187850990228|-0.0031343187850990228|-0.0031343187850990228|-0.0031343187850990228|-0.0031343187850990228|-0.0031343187850990228|0.0|0.0|0.0|89.28353161799744
2021-02-26|89.25360779808298|79.17102190045718|100.28940394394313|79.09087172373144|100.24964917264559|-0.01546222139034555|-0.01546222139034555|-0.01546222139034555|-0.01546222139034555|-0.01546222139034555|-0.01546222139034555|0.0|0.0|0.0|89.23814557669263
2021-02-27|89.22054965938342|78.854237562717|100.61900682028211|78.93001748206814|100.44412393713742|-0.001201829355894347|-0.001201829355894347|-0.001201829355894347|-0.001201829355894347|-0.001201829355894347|-0.001201829355894347|0.0|0.0|0.0|89.21934783002753
2021-02-28|89.18749152068385|78.64404611420557|100.6504776511371|78.72780787272892|100.56688161528919|0.013058562678671021|0.013058562678671021|0.013058562678671021|0.013058562678671021|0.013058562678671021|0.013058562678671021|0.0|0.0|0.0|89.20055008336251
2021-03-01|89.15443338198429|78.5157416893861|100.77512881904329|78.58353329681009|100.73691650132707|0.04062181828789839|0.04062181828789839|0.04062181828789839|0.04062181828789839|0.04062181828789839|0.04062181828789839|0.0|0.0|0.0|89.1950552002722
2021-03-02|89.12137524328473|78.45841449144397|100.86622461343109|78.31900380167731|100.84749465197096|-0.013435171729104136|-0.013435171729104136|-0.013435171729104136|-0.013435171729104136|-0.013435171729104136|-0.013435171729104136|0.0|0.0|0.0|89.10794007155563
2021-03-03|89.08831710458517|78.16943418527984|100.85417646476833|78.09833559950192|100.96006907145855|-0.020446839706000322|-0.020446839706000322|-0.020446839706000322|-0.020446839706000322|-0.020446839706000322|-0.020446839706000322|0.0|0.0|0.0|89.06787026487918
2021-03-04|89.05525896588561|77.94231548110317|101.15802940334133|77.90488936796858|101.04160656230626|-0.0031343187851453555|-0.0031343187851453555|-0.0031343187851453555|-0.0031343187851453555|-0.0031343187851453555|-0.0031343187851453555|0.0|0.0|0.0|89.05212464710047
2021-03-05|89.02220082718604|77.82540793470929|101.19636996415194|77.74126286989801|101.1526917102828|-0.01546222139031408|-0.01546222139031408|-0.01546222139031408|-0.01546222139031408|-0.01546222139031408|-0.01546222139031408|0.0|0.0|0.0|89.00673860579573
2021-03-06|88.98914268848648|77.41202252781477|101.48256087471145|77.67062556472516|101.30082341705803|-0.001201829355981958|-0.001201829355981958|-0.001201829355981958|-0.001201829355981958|-0.001201829355981958|-0.001201829355981958|0.0|0.0|0.0|88.9879408591305
2021-03-07|88.95608454978692|77.40302872032699|101.51576973932943|77.47218813993187|101.41406111025437|0.013058562678695807|0.013058562678695807|0.013058562678695807|0.013058562678695807|0.013058562678695807|0.013058562678695807|0.0|0.0|0.0|88.96914311246562
2021-03-08|88.92302641108736|77.27829114103866|101.74461299787123|77.24705306035167|101.73706209793426|0.040621818287874346|0.040621818287874346|0.040621818287874346|0.040621818287874346|0.040621818287874346|0.040621818287874346|0.0|0.0|0.0|88.96364822937524
2021-03-09|88.88996827238779|77.11187277731106|102.12444482160375|77.05656206797521|102.05253853347376|-0.013435171729119781|-0.013435171729119781|-0.013435171729119781|-0.013435171729119781|-0.013435171729119781|-0.013435171729119781|0.0|0.0|0.0|88.87653310065868
2021-03-10|88.85691013368823|76.87749075545214|102.00848205635398|76.91770647567556|102.2178363756892|-0.020446839706009398|-0.020446839706009398|-0.020446839706009398|-0.020446839706009398|-0.020446839706009398|-0.020446839706009398|0.0|0.0|0.0|88.83646329398222
2021-03-11|88.82385199498867|76.63212626384511|102.34290993220333|76.58528099122094|102.37749184434901|-0.0031343187850491946|-0.0031343187850491946|-0.0031343187850491946|-0.0031343187850491946|-0.0031343187850491946|-0.0031343187850491946|0.0|0.0|0.0|88.82071767620363
2021-03-12|88.79079385628911|76.63698389955508|102.41003783849001|76.41316050481794|102.4907469980513|-0.01546222139028003|-0.01546222139028003|-0.01546222139028003|-0.01546222139028003|-0.01546222139028003|-0.01546222139028003|0.0|0.0|0.0|88.77533163489883
2021-03-13|88.75773571758954|76.08961721671855|102.60236010997195|76.14924460840231|102.65258437343778|-0.001201829355929586|-0.001201829355929586|-0.001201829355929586|-0.001201829355929586|-0.001201829355929586|-0.001201829355929586|0.0|0.0|0.0|88.7565338882336
2021-03-14|88.72467757888998|76.02941904870504|102.56021446461968|75.83016066969734|102.81085746470403|0.013058562678720593|0.013058562678720593|0.013058562678720593|0.013058562678720593|0.013058562678720593|0.013058562678720593|0.0|0.0|0.0|88.7377361415687
2021-03-15|88.69161944019042|75.6680545472559|102.93746783925508|75.50907349088648|102.96024002813498|0.040621818287850296|0.040621818287850296|0.040621818287850296|0.040621818287850296|0.040621818287850296|0.040621818287850296|0.0|0.0|0.0|88.73224125847827
2021-03-16|88.65856130149086|75.2898735863066|103.11655569327314|75.26613718397552|103.17608500996319|-0.013435171729135427|-0.013435171729135427|-0.013435171729135427|-0.013435171729135427|-0.013435171729135427|-0.013435171729135427|0.0|0.0|0.0|88.64512612976172
2021-03-17|88.6255031627913|75.21107854679019|103.37375591064307|75.1650571841704|103.3089853508324|-0.020446839706058213|-0.020446839706058213|-0.020446839706058213|-0.020446839706058213|-0.020446839706058213|-0.020446839706058213|0.0|0.0|0.0|88.60505632308525
2021-03-18|88.59244502409173|75.06107622178885|103.4925313172335|74.95161600178984|103.56660453963623|-0.0031343187850955286|-0.0031343187850955286|-0.0031343187850955286|-0.0031343187850955286|-0.0031343187850955286|-0.0031343187850955286|0.0|0.0|0.0|88.58931070530663
2021-03-19|88.55938688539216|74.60393269144316|103.77006008348935|74.72869223275507|103.6131368330254|-0.015462221390302818|-0.015462221390302818|-0.015462221390302818|-0.015462221390302818|-0.015462221390302818|-0.015462221390302818|0.0|0.0|0.0|88.54392466400185
2021-03-20|88.5263287466926|74.64993041738639|103.87175419907872|74.57086431831152|103.75450263831226|-0.0012018293559395747|-0.0012018293559395747|-0.0012018293559395747|-0.0012018293559395747|-0.0012018293559395747|-0.0012018293559395747|0.0|0.0|0.0|88.52512691733666
2021-03-21|88.49327060799304|74.4640646103743|104.08040979521141|74.38301783847403|103.93536173156909|0.013058562678746038|0.013058562678746038|0.013058562678746038|0.013058562678746038|0.013058562678746038|0.013058562678746038|0.0|0.0|0.0|88.50632917067179
2021-03-22|88.46021246929348|74.37103302236966|104.36074992037084|74.22434715746074|104.1800526301944|0.0406218182879181|0.0406218182879181|0.0406218182879181|0.0406218182879181|0.0406218182879181|0.0406218182879181|0.0|0.0|0.0|88.5008342875814
2021-03-23|88.42715433059391|73.97114115679645|104.49660582571265|74.06587662638302|104.31360341465282|-0.013435171729208734|-0.013435171729208734|-0.013435171729208734|-0.013435171729208734|-0.013435171729208734|-0.013435171729208734|0.0|0.0|0.0|88.4137191588647
2021-03-24|88.39409619189435|73.8096457839825|104.51798623269826|73.89480096600481|104.59995525347468|-0.020446839706067282|-0.020446839706067282|-0.020446839706067282|-0.020446839706067282|-0.020446839706067282|-0.020446839706067282|0.0|0.0|0.0|88.37364935218828
2021-03-25|88.36103805319479|73.70557400814744|104.69468463916195|73.61076473688584|104.9620617667193|-0.0031343187851418665|-0.0031343187851418665|-0.0031343187851418665|-0.0031343187851418665|-0.0031343187851418665|-0.0031343187851418665|0.0|0.0|0.0|88.35790373440965
2021-03-26|88.32797991449523|73.46241641378475|105.02821244172188|73.42277417379353|105.18075548645531|-0.015462221390325612|-0.015462221390325612|-0.015462221390325612|-0.015462221390325612|-0.015462221390325612|-0.015462221390325612|0.0|0.0|0.0|88.31251769310491
2021-03-27|88.29492177579566|73.3209084401676|105.3361758559836|73.22083433433681|105.3874991458409|-0.001201829355918383|-0.001201829355918383|-0.001201829355918383|-0.001201829355918383|-0.001201829355918383|-0.001201829355918383|0.0|0.0|0.0|88.29371994643974
2021-03-28|88.2618636370961|72.98774424554148|105.46398831916248|73.0440295772939|105.49401590177456|0.013058562678632174|0.013058562678632174|0.013058562678632174|0.013058562678632174|0.013058562678632174|0.013058562678632174|0.0|0.0|0.0|88.27492219977474
2021-03-29|88.22880549839654|72.86655462281453|105.72908371032068|72.87383243267767|105.63626630298792|0.04062181828792642|0.04062181828792642|0.04062181828792642|0.04062181828792642|0.04062181828792642|0.04062181828792642|0.0|0.0|0.0|88.26942731668447
2021-03-30|88.19574735969698|72.5857097782035|106.01924610620901|72.68874342595242|105.86719372072167|-0.013435171729166714|-0.013435171729166714|-0.013435171729166714|-0.013435171729166714|-0.013435171729166714|-0.013435171729166714|0.0|0.0|0.0|88.18231218796781
2021-03-31|88.16268922099742|72.34327645714549|106.18569804052855|72.4357660467541|106.05839914680693|-0.020446839706004805|-0.020446839706004805|-0.020446839706004805|-0.020446839706004805|-0.020446839706004805|-0.020446839706004805|0.0|0.0|0.0|88.14224238129141
2021-04-01|88.12963108229785|72.07829806380592|106.18826532561987|72.16884817925752|106.2329250131117|-0.003134318785045701|-0.003134318785045701|-0.003134318785045701|-0.003134318785045701|-0.003134318785045701|-0.003134318785045701|0.0|0.0|0.0|88.1264967635128
2021-04-02|88.09657294359829|72.10194470322043|106.55206790578403|71.90797844833516|106.4491369173599|-0.015462221390294142|-0.015462221390294142|-0.015462221390294142|-0.015462221390294142|-0.015462221390294142|-0.015462221390294142|0.0|0.0|0.0|88.081110722208
2021-04-03|88.06351480489873|71.85815974695228|106.39801035012349|71.70000361758211|106.64958272321635|-0.0012018293558971902|-0.0012018293558971902|-0.0012018293558971902|-0.0012018293558971902|-0.0012018293558971902|-0.0012018293558971902|0.0|0.0|0.0|88.06231297554284
2021-04-04|88.03045666619917|71.40251553786565|106.83040419471789|71.52372942649136|106.83612567605265|0.013058562678657615|0.013058562678657615|0.013058562678657615|0.013058562678657615|0.013058562678657615|0.013058562678657615|0.0|0.0|0.0|88.04351522887782
2021-04-05|87.9973985274996|71.11474788024725|106.77011828399083|71.3508103741492|106.97347707971088|0.04062181828787001|0.04062181828787001|0.04062181828787001|0.04062181828787001|0.04062181828787001|0.04062181828787001|0.0|0.0|0.0|88.03802034578747
2021-04-06|87.96434038880003|71.24640937921346|107.17883059707614|71.14553256515383|107.1579267720134|-0.013435171729240022|-0.013435171729240022|-0.013435171729240022|-0.013435171729240022|-0.013435171729240022|-0.013435171729240022|0.0|0.0|0.0|87.95090521707078
2021-04-07|87.93128225010047|70.8403045933521|107.29968941529863|70.92478819207076|107.35036999730296|-0.020446839706013877|-0.020446839706013877|-0.020446839706013877|-0.020446839706013877|-0.020446839706013877|-0.020446839706013877|0.0|0.0|0.0|87.91083541039445
2021-04-08|87.8982241114009|70.69570148549761|107.50060831721854|70.72473870917605|107.54490797731553|-0.0031343187851399228|-0.0031343187851399228|-0.0031343187851399228|-0.0031343187851399228|-0.0031343187851399228|-0.0031343187851399228|0.0|0.0|0.0|87.89508979261576
2021-04-09|87.86516597270135|70.70269440126398|107.84085975838428|70.6194804242173|107.63812903105689|-0.015462221390260093|-0.015462221390260093|-0.015462221390260093|-0.015462221390260093|-0.015462221390260093|-0.015462221390260093|0.0|0.0|0.0|87.84970375131108
2021-04-10|87.83210783400177|70.18007710465764|107.67879815825981|70.4451111968551|107.69855900669144|-0.0012018293558759992|-0.0012018293558759992|-0.0012018293558759992|-0.0012018293558759992|-0.0012018293558759992|-0.0012018293558759992|0.0|0.0|0.0|87.8309060046459
2021-04-11|87.79904969530222|70.447502278376|107.91027347112336|70.2909623292443|107.9619427797036|0.013058562678682405|0.013058562678682405|0.013058562678682405|0.013058562678682405|0.013058562678682405|0.013058562678682405|0.0|0.0|0.0|87.8121082579809
2021-04-12|87.76599155660266|70.07218605239407|108.25073712321473|70.14985251214779|108.2676976846375|0.04062181828787833|0.04062181828787833|0.04062181828787833|0.04062181828787833|0.04062181828787833|0.04062181828787833|0.0|0.0|0.0|87.80661337489053
2021-04-13|87.7329334179031|69.9113111898321|108.49903041643697|70.01415005604932|108.50901560443506|-0.013435171729097214|-0.013435171729097214|-0.013435171729097214|-0.013435171729097214|-0.013435171729097214|-0.013435171729097214|0.0|0.0|0.0|87.719498246174
2021-04-14|87.69987527920354|69.67896388393127|108.75655572975374|69.75902979880777|108.77638588668518|-0.020446839706022943|-0.020446839706022943|-0.020446839706022943|-0.020446839706022943|-0.020446839706022943|-0.020446839706022943|0.0|0.0|0.0|87.67942843949751
2021-04-15|87.66681714050397|69.54994377400752|108.9988750007675|69.4828383076423|108.95206669575151|-0.003134318785115008|-0.003134318785115008|-0.003134318785115008|-0.003134318785115008|-0.003134318785115008|-0.003134318785115008|0.0|0.0|0.0|87.66368282171885
2021-04-16|87.6337590018044|69.16822597843074|109.06437716600533|69.30680207685472|109.19779564156914|-0.01546222139033973|-0.01546222139033973|-0.01546222139033973|-0.01546222139033973|-0.01546222139033973|-0.01546222139033973|0.0|0.0|0.0|87.61829678041407
2021-04-17|87.60070086310485|69.05072033622595|109.3640805657936|69.12148291262596|109.40240677515034|-0.0012018293558859886|-0.0012018293558859886|-0.0012018293558859886|-0.0012018293558859886|-0.0012018293558859886|-0.0012018293558859886|0.0|0.0|0.0|87.59949903374896
2021-04-18|87.56764272440529|69.20940969061772|109.50048455929861|68.8663314014051|109.58535767019306|0.013058562678569197|0.013058562678569197|0.013058562678569197|0.013058562678569197|0.013058562678569197|0.013058562678569197|0.0|0.0|0.0|87.58070128708385
2021-04-19|87.53458458570572|68.51752013697579|109.61267159759709|68.66184895844798|109.73148044667761|0.04062181828788665|0.04062181828788665|0.04062181828788665|0.04062181828788665|0.04062181828788665|0.04062181828788665|0.0|0.0|0.0|87.5752064039936
2021-04-20|87.50152644700616|68.45766558398775|109.72038194286603|68.47699995176357|109.86210502957455|-0.01343517172911286|-0.01343517172911286|-0.01343517172911286|-0.01343517172911286|-0.01343517172911286|-0.01343517172911286|0.0|0.0|0.0|87.48809127527704
2021-04-21|87.4684683083066|68.36881524695278|109.95935911042054|68.30951567091824|110.04242179354051|-0.020446839706032012|-0.020446839706032012|-0.020446839706032012|-0.020446839706032012|-0.020446839706032012|-0.020446839706032012|0.0|0.0|0.0|87.44802146860057
2021-04-22|87.43541016960704|67.94534910391211|110.08371911706696|68.14203139007292|110.12401937954291|-0.0031343187850900946|-0.0031343187850900946|-0.0031343187850900946|-0.0031343187850900946|-0.0031343187850900946|-0.0031343187850900946|0.0|0.0|0.0|87.43227585082195
2021-04-23|87.40235203090747|67.76952752318887|110.31433338178883|67.79009034340186|110.42834231803313|-0.015462221390305675|-0.015462221390305675|-0.015462221390305675|-0.015462221390305675|-0.015462221390305675|-0.015462221390305675|0.0|0.0|0.0|87.38688980951716
2021-04-24|87.3692938922079|67.4947370883251|110.53898390471198|67.53542206256469|110.63368573107986|-0.0012018293559424179|-0.0012018293559424179|-0.0012018293559424179|-0.0012018293559424179|-0.0012018293559424179|-0.0012018293559424179|0.0|0.0|0.0|87.36809206285196
2021-04-25|87.33623575350835|67.3074719883287|110.68352932961972|67.31108082368867|110.82297729516058|0.013058562678593982|0.013058562678593982|0.013058562678593982|0.013058562678593982|0.013058562678593982|0.013058562678593982|0.0|0.0|0.0|87.34929431618694
2021-04-26|87.30317761480879|67.07382655467592|110.82710841883048|67.11856972074263|111.0122864412285|0.04062181828786261|0.04062181828786261|0.04062181828786261|0.04062181828786261|0.04062181828786261|0.04062181828786261|0.0|0.0|0.0|87.34379943309665
2021-04-27|87.27011947610922|66.76786715569672|111.09036232618953|66.77481762331826|111.21160375908872|-0.013435171729128502|-0.013435171729128502|-0.013435171729128502|-0.013435171729128502|-0.013435171729128502|-0.013435171729128502|0.0|0.0|0.0|87.25668430438009
2021-04-28|87.23706133740964|66.53973875581356|111.35373257622265|66.52343205201376|111.41851744194958|-0.020446839705969538|-0.020446839705969538|-0.020446839705969538|-0.020446839705969538|-0.020446839705969538|-0.020446839705969538|0.0|0.0|0.0|87.21661449770367
2021-04-29|87.2040031987101|66.49726305098542|111.43612987728727|66.33329046720539|111.59389990702684|-0.003134318785113064|-0.003134318785113064|-0.003134318785113064|-0.003134318785113064|-0.003134318785113064|-0.003134318785113064|0.0|0.0|0.0|87.20086887992498
2021-04-30|87.17094506001052|66.25559941767135|111.50569849483188|66.14797384988839|111.76928237210407|-0.015462221390271622|-0.015462221390271622|-0.015462221390271622|-0.015462221390271622|-0.015462221390271622|-0.015462221390271622|0.0|0.0|0.0|87.15548283862026
2021-05-01|87.13788692131097|66.01975004734024|111.7224507612419|65.96249213901827|111.94384834494461|-0.0012018293559212247|-0.0012018293559212247|-0.0012018293559212247|-0.0012018293559212247|-0.0012018293559212247|-0.0012018293559212247|0.0|0.0|0.0|87.13668509195504
2021-05-02|87.1048287826114|65.63888130204711|111.92358441093623|65.63611062998768|112.1126886537655|0.013058562678619427|0.013058562678619427|0.013058562678619427|0.013058562678619427|0.013058562678619427|0.013058562678619427|0.0|0.0|0.0|87.11788734529003
2021-05-03|87.07177064391183|65.39459076535424|111.97960300078677|65.43583554587471|112.28237893498775|0.04062181828783856|0.04062181828783856|0.04062181828783856|0.04062181828783856|0.04062181828783856|0.04062181828783856|0.0|0.0|0.0|87.11239246219967
2021-05-04|87.03871250521227|64.98215176047212|112.02142294056732|65.24906244237903|112.44497807704056|-0.013435171729201811|-0.013435171729201811|-0.013435171729201811|-0.013435171729201811|-0.013435171729201811|-0.013435171729201811|0.0|0.0|0.0|87.02527733348307
2021-05-05|87.00565436651272|65.01627849988041|112.64610362655077|65.05065281170448|112.60749413409313|-0.020446839706089896|-0.020446839706089896|-0.020446839706089896|-0.020446839706089896|-0.020446839706089896|-0.020446839706089896|0.0|0.0|0.0|86.98520752680662
2021-05-06|86.97259622781316|64.73952207046891|112.68504918022654|64.80346044535989|112.7708236163567|-0.003134318785159402|-0.003134318785159402|-0.003134318785159402|-0.003134318785159402|-0.003134318785159402|-0.003134318785159402|0.0|0.0|0.0|86.969461909028
2021-05-07|86.93953808911358|64.418597499561|112.64308858636048|64.51313203486934|112.91835792617044|-0.015462221390351263|-0.015462221390351263|-0.015462221390351263|-0.015462221390351263|-0.015462221390351263|-0.015462221390351263|0.0|0.0|0.0|86.92407586772323
2021-05-08|86.90647995041402|64.10799003553498|113.03576781783231|64.18227925236587|113.04536831744223|-0.0012018293559000336|-0.0012018293559000336|-0.0012018293559000336|-0.0012018293559000336|-0.0012018293559000336|-0.0012018293559000336|0.0|0.0|0.0|86.90527812105812
2021-05-09|86.87342181171446|63.80205499239524|113.26867213011202|63.87878918932296|113.1759424390377|0.013058562678644872|0.013058562678644872|0.013058562678644872|0.013058562678644872|0.013058562678644872|0.013058562678644872|0.0|0.0|0.0|86.88648037439312
2021-05-10|86.8403636730149|63.53824254225054|113.34786908010224|63.60730191199846|113.3940838623695|0.04062181828790637|0.04062181828790637|0.04062181828790637|0.04062181828790637|0.04062181828790637|0.04062181828790637|0.0|0.0|0.0|86.88098549130281
2021-05-11|86.80730553431533|63.256686568745636|113.69347469131458|63.285229668885755|113.6960069813972|-0.013435171729275122|-0.013435171729275122|-0.013435171729275122|-0.013435171729275122|-0.013435171729275122|-0.013435171729275122|0.0|0.0|0.0|86.79387036258606
2021-05-12|86.77424739561577|62.91915111502505|113.92249509989469|62.994602347711655|113.93550998027393|-0.020446839706027422|-0.020446839706027422|-0.020446839706027422|-0.020446839706027422|-0.020446839706027422|-0.020446839706027422|0.0|0.0|0.0|86.75380055590975
2021-05-13|86.74118925691621|62.91513315315621|114.1982930358594|62.69317732817068|114.18174102920888|-0.003134318785134486|-0.003134318785134486|-0.003134318785134486|-0.003134318785134486|-0.003134318785134486|-0.003134318785134486|0.0|0.0|0.0|86.73805493813109
2021-05-14|86.70813111821666|62.1800030232246|114.10457719987255|62.39492994718846|114.33332107848562|-0.015462221390317207|-0.015462221390317207|-0.015462221390317207|-0.015462221390317207|-0.015462221390317207|-0.015462221390317207|0.0|0.0|0.0|86.69266889682633
2021-05-15|86.6750729795171|62.205395919890215|114.46103509386687|62.10530919541808|114.48490112776234|-0.0012018293559100234|-0.0012018293559100234|-0.0012018293559100234|-0.0012018293559100234|-0.0012018293559100234|-0.0012018293559100234|0.0|0.0|0.0|86.67387115016119
2021-05-16|86.64201484081752|62.01458288790548|114.7994885859828|61.8934895176759|114.63704611335686|0.013058562678670317|0.013058562678670317|0.013058562678670317|0.013058562678670317|0.013058562678670317|0.013058562678670317|0.0|0.0|0.0|86.65507340349619
2021-05-17|86.60895670211796|61.731415075437724|114.57352897105343|61.752935367146|114.79045571781849|0.04062181828791469|0.04062181828791469|0.04062181828791469|0.04062181828791469|0.04062181828791469|0.04062181828791469|0.0|0.0|0.0|86.64957852040588
2021-05-18|86.57589856341839|61.74808946146091|114.7622617343505|61.71256282031713|114.96748328390062|-0.0134351717292331|-0.0134351717292331|-0.0134351717292331|-0.0134351717292331|-0.0134351717292331|-0.0134351717292331|0.0|0.0|0.0|86.56246339168916
2021-05-19|86.54284042471883|61.61230393031157|115.1456169497836|61.49878526619202|115.14434422774745|-0.020446839706036495|-0.020446839706036495|-0.020446839706036495|-0.020446839706036495|-0.020446839706036495|-0.020446839706036495|0.0|0.0|0.0|86.5223935850128
2021-05-20|86.50978228601927|61.531445485304936|115.19883431694011|61.24490239985245|115.32387804987484|-0.0031343187851095755|-0.0031343187851095755|-0.0031343187851095755|-0.0031343187851095755|-0.0031343187851095755|-0.0031343187851095755|0.0|0.0|0.0|86.50664796723416
2021-05-21|86.4767241473197|60.976660031810894|115.3779853181718|61.0808156162114|115.48543653630703|-0.015462221390285738|-0.015462221390285738|-0.015462221390285738|-0.015462221390285738|-0.015462221390285738|-0.015462221390285738|0.0|0.0|0.0|86.46126192592942
2021-05-22|86.44366600862014|60.642950776849524|115.73294681402211|60.858938846022106|115.67857504513535|-0.0012018293559352715|-0.0012018293559352715|-0.0012018293559352715|-0.0012018293559352715|-0.0012018293559352715|-0.0012018293559352715|0.0|0.0|0.0|86.4424641792642
2021-05-23|86.41060786992058|60.54013519971825|115.90900769843435|60.59747015364755|115.85395590693543|0.013058562678695103|0.013058562678695103|0.013058562678695103|0.013058562678695103|0.013058562678695103|0.013058562678695103|0.0|0.0|0.0|86.42366643259928
